{
    "Fsnom": 3555.7150416238164,
    "Albedo": {
        "none": 0.5,
        "w": 0.75,
        "b": 0.25
    },
    "rat": 0.25,
    "em_p": 1,
    "sig": 5.670373e-08,
    "ins_p": 0.25,
    "death": {
        "w": 0.3,
        "b": 0.3
    },
    "minarea": 0.01,
    "T_min": {
        "w": 278.15,
        "b": 278.15
    },
    "T_opt": {
        "w": 295.65,
        "b": 295.65
    }
}